Origin	Destination	
Acapulco	Aguascalientes	
Acapulco	Atlanta	
Acapulco	Bogota	
Acapulco	Cabo San Lucas	
Acapulco	Cancun	
Acapulco	Cartagena	
Acapulco	Chicago	
Acapulco	Chihuahua	
Acapulco	Guadalajara	
Acapulco	Hermosillo	
Acapulco	Juarez	
Acapulco	La Paz	
Acapulco	Los Angeles	
Acapulco	Mazatlan	
Acapulco	Mexicali	
Acapulco	Mexico City	
Acapulco	Monterrey	
Acapulco	Montreal	
Acapulco	Mérida	
Acapulco	Oaxaca	
Acapulco	Puerto Vallarta	
Acapulco	Queretaro	
Acapulco	Tijuana	
Acapulco	Veracruz	
Acapulco	Villahermosa	
Aguascalientes	Acapulco	
Aguascalientes	Amsterdam	
Aguascalientes	Atlanta	
Aguascalientes	Bogota	
Aguascalientes	Cabo San Lucas	
Aguascalientes	Cancun	
Aguascalientes	Cartagena	
Aguascalientes	Chetumal	
Aguascalientes	Chicago	
Aguascalientes	Chihuahua	
Aguascalientes	Cozumel	
Aguascalientes	Detroit	
Aguascalientes	Guadalajara	
Aguascalientes	Guatemala City	
Aguascalientes	Hermosillo	
Aguascalientes	Huatulco	
Aguascalientes	Ixtapa-Zihuatanejo	
Aguascalientes	Juarez	
Aguascalientes	La Paz	
Aguascalientes	London	
Aguascalientes	Los Angeles	
Aguascalientes	Madrid	
Aguascalientes	Mazatlan	
Aguascalientes	Medellin	
Aguascalientes	Mexicali	
Aguascalientes	Mexico City	
Aguascalientes	Monterrey	
Aguascalientes	Montreal	
Aguascalientes	Mérida	
Aguascalientes	New York	
Aguascalientes	Oaxaca	
Aguascalientes	Orlando	
Aguascalientes	Paris	
Aguascalientes	Puerto Vallarta	
Aguascalientes	Rome	
Aguascalientes	San Antonio	
Aguascalientes	San Jose, CR	
Aguascalientes	Sao Paulo	
Aguascalientes	Tapachula	
Aguascalientes	Tijuana	
Aguascalientes	Tokyo	
Aguascalientes	Toronto	
Aguascalientes	Tuxtla Gutierrez	
Aguascalientes	Veracruz	
Aguascalientes	Villahermosa	
Albany	Mexico City	
Albuquerque	Guadalajara	
Albuquerque	Mexico City	
Alicante	Mexico City	
Amsterdam	Cancun	
Amsterdam	Guadalajara	
Amsterdam	Medellin	
Amsterdam	Mexico City	
Amsterdam	Monterrey	
Amsterdam	Mérida	
Amsterdam	Puerto Vallarta	
Asheville	Mexico City	
Athens	Mexico City	
Atlanta	Acapulco	
Atlanta	Aguascalientes	
Atlanta	Cabo San Lucas	
Atlanta	Cancun	
Atlanta	Guadalajara	
Atlanta	Leon	
Atlanta	Mexico City	
Atlanta	Monterrey	
Atlanta	Morelia	
Atlanta	Mérida	
Atlanta	Oaxaca	
Atlanta	Puerto Vallarta	
Atlanta	Queretaro	
Atlanta	Tulum	
Atlanta	Tuxtla Gutierrez	
Atlanta	Veracruz	
Atlanta	Villahermosa	
Austin	Cabo San Lucas	
Austin	Cancun	
Austin	Guadalajara	
Austin	Ixtapa-Zihuatanejo	
Austin	Leon	
Austin	Mexico City	
Austin	Monterrey	
Austin	Oaxaca	
Austin	Puerto Vallarta	
Austin	San Luis Potosi	
Baltimore	Cabo San Lucas	
Baltimore	Cancun	
Baltimore	Guadalajara	
Baltimore	Mexico City	
Baltimore	Puerto Vallarta	
Bangkok	Mexico City	
Barcelona	Barranquilla	
Barcelona	Bogota	
Barcelona	Cancun	
Barcelona	Guadalajara	
Barcelona	Mexico City	
Barcelona	Monterrey	
Barranquilla	Cancun	
Barranquilla	Mexico City	
Barranquilla	Monterrey	
Belo Horizonte	Mexico City	
Berlin	Bogota	
Berlin	Mexico City	
Bilbao	Mexico City	
Bogota	Acapulco	
Bogota	Aguascalientes	
Bogota	Amsterdam	
Bogota	Barcelona	
Bogota	Berlin	
Bogota	Cabo San Lucas	
Bogota	Calgary	
Bogota	Cancun	
Bogota	Chihuahua	
Bogota	Durango	
Bogota	Guadalajara	
Bogota	Guatemala City	
Bogota	Hermosillo	
Bogota	Houston	
Bogota	Juarez	
Bogota	La Paz	
Bogota	Las Vegas	
Bogota	Leon	
Bogota	London	
Bogota	Los Angeles	
Bogota	Madrid	
Bogota	Managua	
Bogota	Mazatlan	
Bogota	Mexicali	
Bogota	Mexico City	
Bogota	Miami	
Bogota	Monterrey	
Bogota	Montreal	
Bogota	Morelia	
Bogota	Mérida	
Bogota	New York	
Bogota	Oaxaca	
Bogota	Orlando	
Bogota	Paris	
Bogota	Puerto Vallarta	
Bogota	Queretaro	
Bogota	San Francisco	
Bogota	San Luis Potosi	
Bogota	Seattle	
Bogota	Seoul	
Bogota	Tijuana	
Bogota	Tokyo	
Bogota	Toronto	
Bogota	Torreon	
Bogota	Tuxtla Gutierrez	
Bogota	Vancouver	
Bogota	Veracruz	
Bogota	Villahermosa	
Boise	Guadalajara	
Bordeaux	Mexico City	
Boston	Cabo San Lucas	
Boston	Cancun	
Boston	Guadalajara	
Boston	Mexico City	
Boston	Monterrey	
Boston	Puerto Vallarta	
Brasilia	Mexico City	
Brussels	Cancun	
Brussels	Mexico City	
Bucaramanga	Cancun	
Bucaramanga	Mexico City	
Buenos Aires	Cabo San Lucas	
Buenos Aires	Cancun	
Buenos Aires	Chicago	
Buenos Aires	Guadalajara	
Buenos Aires	Las Vegas	
Buenos Aires	Los Angeles	
Buenos Aires	Madrid	
Buenos Aires	Mexicali	
Buenos Aires	Mexico City	
Buenos Aires	Miami	
Buenos Aires	Monterrey	
Buenos Aires	New York	
Buenos Aires	Puerto Vallarta	
Buenos Aires	Tijuana	
Buenos Aires	Washington, D.C.	
Cabo San Lucas	Acapulco	
Cabo San Lucas	Aguascalientes	
Cabo San Lucas	Amsterdam	
Cabo San Lucas	Barranquilla	
Cabo San Lucas	Bogota	
Cabo San Lucas	Cancun	
Cabo San Lucas	Chihuahua	
Cabo San Lucas	Guadalajara	
Cabo San Lucas	Guatemala City	
Cabo San Lucas	Ixtapa-Zihuatanejo	
Cabo San Lucas	Juarez	
Cabo San Lucas	Las Vegas	
Cabo San Lucas	Leon	
Cabo San Lucas	London	
Cabo San Lucas	Los Angeles	
Cabo San Lucas	Madrid	
Cabo San Lucas	Mazatlan	
Cabo San Lucas	Medellin	
Cabo San Lucas	Mexico City	
Cabo San Lucas	Miami	
Cabo San Lucas	Minatitlan	
Cabo San Lucas	Monterrey	
Cabo San Lucas	Mérida	
Cabo San Lucas	New York	
Cabo San Lucas	Oaxaca	
Cabo San Lucas	Orlando	
Cabo San Lucas	Paris	
Cabo San Lucas	Puerto Escondido	
Cabo San Lucas	Puerto Vallarta	
Cabo San Lucas	Queretaro	
Cabo San Lucas	San Jose, CR	
Cabo San Lucas	San Luis Potosi	
Cabo San Lucas	Seattle	
Cabo San Lucas	Tampico	
Cabo San Lucas	Tapachula	
Cabo San Lucas	Tijuana	
Cabo San Lucas	Tokyo	
Cabo San Lucas	Torreon	
Cabo San Lucas	Tuxtla Gutierrez	
Cabo San Lucas	Vancouver	
Cabo San Lucas	Veracruz	
Cabo San Lucas	Villahermosa	
Calgary	Guadalajara	
Calgary	Medellin	
Calgary	Mexico City	
Calgary	Puerto Vallarta	
Cali	Cancun	
Cali	Guadalajara	
Cali	Mexico City	
Cali	Monterrey	
Cali	Puerto Vallarta	
Cali	Tijuana	
Campeche	Cabo San Lucas	
Campeche	Chihuahua	
Campeche	Juarez	
Campeche	Mazatlan	
Campeche	Mexicali	
Campeche	Mexico City	
Campeche	Tijuana	
Cancun	Acapulco	
Cancun	Aguascalientes	
Cancun	Amsterdam	
Cancun	Atlanta	
Cancun	Austin	
Cancun	Barcelona	
Cancun	Bogota	
Cancun	Boston	
Cancun	Brussels	
Cancun	Buenos Aires	
Cancun	Cabo San Lucas	
Cancun	Cartagena	
Cancun	Chicago	
Cancun	Chihuahua	
Cancun	Ciudad Obregon	
Cancun	Culiacan	
Cancun	Denver	
Cancun	Detroit	
Cancun	Durango	
Cancun	Felipe Angeles (Mexico City)	
Cancun	Frankfurt	
Cancun	Guadalajara	
Cancun	Guatemala City	
Cancun	Havana	
Cancun	Hermosillo	
Cancun	Houston	
Cancun	Huatulco	
Cancun	Ixtapa-Zihuatanejo	
Cancun	Juarez	
Cancun	La Paz	
Cancun	Las Vegas	
Cancun	Leon	
Cancun	Lima	
Cancun	London	
Cancun	Los Angeles	
Cancun	Los Mochis	
Cancun	Madrid	
Cancun	Manzanillo	
Cancun	Mazatlan	
Cancun	Medellin	
Cancun	Mexicali	
Cancun	Mexico City	
Cancun	Miami	
Cancun	Minatitlan	
Cancun	Minneapolis	
Cancun	Monterrey	
Cancun	Montreal	
Cancun	Morelia	
Cancun	New York	
Cancun	New York/Newark	
Cancun	Oaxaca	
Cancun	Orlando	
Cancun	Paris	
Cancun	Philadelphia	
Cancun	Portland, OR	
Cancun	Puerto Escondido	
Cancun	Puerto Vallarta	
Cancun	Queretaro	
Cancun	Raleigh	
Cancun	Reynosa	
Cancun	Rome	
Cancun	Sacramento	
Cancun	Salt Lake City	
Cancun	San Antonio	
Cancun	San Francisco	
Cancun	San Jose	
Cancun	San Jose, CR	
Cancun	San Luis Potosi	
Cancun	San Salvador	
Cancun	Santiago	
Cancun	Santo Domingo	
Cancun	Sao Paulo	
Cancun	Seattle	
Cancun	Seoul	
Cancun	Tampico	
Cancun	Tapachula	
Cancun	Tijuana	
Cancun	Tokyo	
Cancun	Toronto	
Cancun	Torreon	
Cancun	Tuxtla Gutierrez	
Cancun	Vancouver	
Cancun	Veracruz	
Cancun	Villahermosa	
Cancun	Zacatecas	
Cartagena	Acapulco	
Cartagena	Cancun	
Cartagena	Culiacan	
Cartagena	Guadalajara	
Cartagena	Mexicali	
Cartagena	Mexico City	
Cartagena	Miami	
Cartagena	Monterrey	
Cartagena	Mérida	
Cartagena	Tampico	
Cartagena	Tijuana	
Charleston	Mexico City	
Charlotte	Cancun	
Charlotte	Guadalajara	
Charlotte	Leon	
Charlotte	Mexico City	
Chetumal	Guadalajara	
Chetumal	Mexico City	
Chetumal	Monterrey	
Chetumal	Oaxaca	
Chetumal	Puerto Vallarta	
Chetumal	Tijuana	
Chicago	Acapulco	
Chicago	Aguascalientes	
Chicago	Buenos Aires	
Chicago	Cabo San Lucas	
Chicago	Cancun	
Chicago	Chihuahua	
Chicago	Culiacan	
Chicago	Durango	
Chicago	Guadalajara	
Chicago	Guatemala City	
Chicago	Huatulco	
Chicago	Ixtapa-Zihuatanejo	
Chicago	Leon	
Chicago	Manzanillo	
Chicago	Mazatlan	
Chicago	Mexico City	
Chicago	Monterrey	
Chicago	Morelia	
Chicago	Mérida	
Chicago	Oaxaca	
Chicago	Puerto Vallarta	
Chicago	Queretaro	
Chicago	San Luis Potosi	
Chicago	Tampico	
Chicago	Torreon	
Chicago	Tuxtla Gutierrez	
Chicago	Veracruz	
Chicago	Zacatecas	
Chihuahua	Acapulco	
Chihuahua	Aguascalientes	
Chihuahua	Amsterdam	
Chihuahua	Atlanta	
Chihuahua	Bogota	
Chihuahua	Cabo San Lucas	
Chihuahua	Cali	
Chihuahua	Campeche	
Chihuahua	Cancun	
Chihuahua	Cartagena	
Chihuahua	Chetumal	
Chihuahua	Culiacan	
Chihuahua	Detroit	
Chihuahua	Guadalajara	
Chihuahua	Guatemala City	
Chihuahua	Hermosillo	
Chihuahua	Huatulco	
Chihuahua	Ixtapa-Zihuatanejo	
Chihuahua	La Paz	
Chihuahua	Leon	
Chihuahua	Lima	
Chihuahua	London	
Chihuahua	Los Angeles	
Chihuahua	Madrid	
Chihuahua	Mazatlan	
Chihuahua	Medellin	
Chihuahua	Mexicali	
Chihuahua	Mexico City	
Chihuahua	Miami	
Chihuahua	Minatitlan	
Chihuahua	Monterrey	
Chihuahua	Montreal	
Chihuahua	Mérida	
Chihuahua	New York	
Chihuahua	Oaxaca	
Chihuahua	Paris	
Chihuahua	Puerto Escondido	
Chihuahua	Puerto Vallarta	
Chihuahua	Queretaro	
Chihuahua	Rome	
Chihuahua	San Jose, CR	
Chihuahua	San Luis Potosi	
Chihuahua	Seoul	
Chihuahua	Tampico	
Chihuahua	Tapachula	
Chihuahua	Tijuana	
Chihuahua	Tokyo	
Chihuahua	Toronto	
Chihuahua	Tuxtla Gutierrez	
Chihuahua	Vancouver	
Chihuahua	Veracruz	
Chihuahua	Villahermosa	
Cincinnati	Cancun	
Ciudad Obregon	Cancun	
Ciudad Obregon	Guadalajara	
Ciudad Obregon	Leon	
Ciudad Obregon	Madrid	
Ciudad Obregon	Mexico City	
Ciudad Obregon	Monterrey	
Ciudad Obregon	Mérida	
Ciudad Obregon	Paris	
Ciudad Obregon	Puerto Vallarta	
Ciudad Obregon	Queretaro	
Ciudad Obregon	Tijuana	
Ciudad Obregon	Tuxtla Gutierrez	
Ciudad Obregon	Veracruz	
Ciudad Obregon	Villahermosa	
Ciudad del Carmen	Guadalajara	
Ciudad del Carmen	Mazatlan	
Ciudad del Carmen	Mexico City	
Ciudad del Carmen	Monterrey	
Ciudad del Carmen	Reynosa	
Ciudad del Carmen	Tampico	
Ciudad del Carmen	Tijuana	
Ciudad del Carmen	Veracruz	
Cleveland	Mexico City	
Colima	Felipe Angeles (Mexico City)	
Columbus	Mexico City	
Copenhagen	Mexico City	
Cozumel	Mexico City	
Cozumel	Tijuana	
Culiacan	Acapulco	
Culiacan	Amsterdam	
Culiacan	Bogota	
Culiacan	Cancun	
Culiacan	Cartagena	
Culiacan	Guadalajara	
Culiacan	Huatulco	
Culiacan	Juarez	
Culiacan	Leon	
Culiacan	London	
Culiacan	Los Angeles	
Culiacan	Madrid	
Culiacan	Medellin	
Culiacan	Mexicali	
Culiacan	Mexico City	
Culiacan	Miami	
Culiacan	Minatitlan	
Culiacan	Monterrey	
Culiacan	Mérida	
Culiacan	New York	
Culiacan	Oaxaca	
Culiacan	Paris	
Culiacan	Phoenix	
Culiacan	Puerto Vallarta	
Culiacan	Queretaro	
Culiacan	San Jose, CR	
Culiacan	San Luis Potosi	
Culiacan	Tampico	
Culiacan	Tijuana	
Culiacan	Toronto	
Culiacan	Tuxtla Gutierrez	
Culiacan	Veracruz	
Culiacan	Villahermosa	
Cusco	Mexico City	
Cúcuta	Mexico City	
Dallas	Acapulco	
Dallas	Aguascalientes	
Dallas	Cancun	
Dallas	Durango	
Dallas	Guadalajara	
Dallas	Leon	
Dallas	Mazatlan	
Dallas	Mexico City	
Dallas	Monterrey	
Dallas	Puerto Vallarta	
Dallas	Queretaro	
Dallas	San Luis Potosi	
Dallas	Torreon	
Dallas	Tuxtla Gutierrez	
Dallas	Veracruz	
Dallas	Villahermosa	
Denver	Aguascalientes	
Denver	Cabo San Lucas	
Denver	Cancun	
Denver	Durango	
Denver	Guadalajara	
Denver	Leon	
Denver	Mazatlan	
Denver	Mexico City	
Denver	Oaxaca	
Denver	Puerto Vallarta	
Detroit	Aguascalientes	
Detroit	Cancun	
Detroit	Guadalajara	
Detroit	Leon	
Detroit	Mexico City	
Detroit	Monterrey	
Detroit	Mérida	
Detroit	Puerto Vallarta	
Detroit	Queretaro	
Dublin	Mexico City	
Durango	Acapulco	
Durango	Amsterdam	
Durango	Bogota	
Durango	Cancun	
Durango	Chicago	
Durango	Felipe Angeles (Mexico City)	
Durango	Guadalajara	
Durango	Guatemala City	
Durango	Hermosillo	
Durango	Juarez	
Durango	London	
Durango	Los Angeles	
Durango	Madrid	
Durango	Mexicali	
Durango	Mexico City	
Durango	Monterrey	
Durango	Mérida	
Durango	Oaxaca	
Durango	Puerto Vallarta	
Durango	Rome	
Durango	Tijuana	
Durango	Tuxtla Gutierrez	
Durango	Veracruz	
Durango	Villahermosa	
Dusseldorf	Mexico City	
Edinburgh	Mexico City	
Edmonton	Mexico City	
El Paso	Mexico City	
Fayetteville, AK	Mexico City	
Felipe Angeles (Mexico City)	Cancun	
Felipe Angeles (Mexico City)	Colima	
Felipe Angeles (Mexico City)	Durango	
Felipe Angeles (Mexico City)	Guadalajara	
Felipe Angeles (Mexico City)	Houston	
Felipe Angeles (Mexico City)	Mcallen	
Felipe Angeles (Mexico City)	Monterrey	
Felipe Angeles (Mexico City)	Mérida	
Felipe Angeles (Mexico City)	Oaxaca	
Felipe Angeles (Mexico City)	Puerto Vallarta	
Felipe Angeles (Mexico City)	Tulum	
Felipe Angeles (Mexico City)	Veracruz	
Florence	Mexico City	
Fort Lauderdale	Mexico City	
Frankfurt	Cancun	
Frankfurt	Mexico City	
Frankfurt	Monterrey	
Fresno	Cabo San Lucas	
Fresno	Guadalajara	
Fresno	Leon	
Fresno	Mexico City	
Fresno	Puerto Vallarta	
Geneva	Mexico City	
Glasgow	Mexico City	
Grand Rapids	Mexico City	
Greenville	Mexico City	
Guadalajara	A Coruna	
Guadalajara	Acapulco	
Guadalajara	Amsterdam	
Guadalajara	Anchorage	
Guadalajara	Athens	
Guadalajara	Atlanta	
Guadalajara	Baltimore	
Guadalajara	Bangkok	
Guadalajara	Barcelona	
Guadalajara	Barranquilla	
Guadalajara	Berlin	
Guadalajara	Bilbao	
Guadalajara	Bogota	
Guadalajara	Boise	
Guadalajara	Boston	
Guadalajara	Brussels	
Guadalajara	Buenos Aires	
Guadalajara	Cabo San Lucas	
Guadalajara	Cairo	
Guadalajara	Calgary	
Guadalajara	Cali	
Guadalajara	Campeche	
Guadalajara	Cancun	
Guadalajara	Cartagena	
Guadalajara	Charleston	
Guadalajara	Charlotte	
Guadalajara	Chetumal	
Guadalajara	Chicago	
Guadalajara	Chihuahua	
Guadalajara	Ciudad Obregon	
Guadalajara	Ciudad del Carmen	
Guadalajara	Cleveland	
Guadalajara	Cozumel	
Guadalajara	Culiacan	
Guadalajara	Cusco	
Guadalajara	Dallas	
Guadalajara	Denver	
Guadalajara	Detroit	
Guadalajara	Dubai	
Guadalajara	Dublin	
Guadalajara	Durango	
Guadalajara	Edinburgh	
Guadalajara	Edmonton	
Guadalajara	Felipe Angeles (Mexico City)	
Guadalajara	Frankfurt	
Guadalajara	Fresno	
Guadalajara	Geneva	
Guadalajara	Guatemala City	
Guadalajara	Havana	
Guadalajara	Hermosillo	
Guadalajara	Honolulu	
Guadalajara	Houston	
Guadalajara	Huatulco	
Guadalajara	Idaho Falls	
Guadalajara	Indianapolis	
Guadalajara	Istanbul	
Guadalajara	Ixtapa-Zihuatanejo	
Guadalajara	Juarez	
Guadalajara	Kansas City	
Guadalajara	La Paz	
Guadalajara	Las Vegas	
Guadalajara	Leon	
Guadalajara	Lima	
Guadalajara	Lisbon	
Guadalajara	London	
Guadalajara	Los Angeles	
Guadalajara	Los Mochis	
Guadalajara	Madrid	
Guadalajara	Malaga	
Guadalajara	Matamoros	
Guadalajara	Mazatlan	
Guadalajara	Mcallen	
Guadalajara	Medellin	
Guadalajara	Memphis	
Guadalajara	Mexicali	
Guadalajara	Mexico City	
Guadalajara	Miami	
Guadalajara	Milan	
Guadalajara	Minatitlan	
Guadalajara	Minneapolis	
Guadalajara	Monterrey	
Guadalajara	Montreal	
Guadalajara	Mérida	
Guadalajara	Nashville	
Guadalajara	New York	
Guadalajara	New York/Newark	
Guadalajara	Norfolk	
Guadalajara	Nuevo Laredo	
Guadalajara	Oakland	
Guadalajara	Oaxaca	
Guadalajara	Omaha	
Guadalajara	Ontario	
Guadalajara	Orlando	
Guadalajara	Osaka	
Guadalajara	Oslo	
Guadalajara	Paris	
Guadalajara	Pasco	
Guadalajara	Philadelphia	
Guadalajara	Phoenix	
Guadalajara	Pittsburgh	
Guadalajara	Portland, OR	
Guadalajara	Puerto Escondido	
Guadalajara	Puerto Vallarta	
Guadalajara	Queretaro	
Guadalajara	Raleigh	
Guadalajara	Reno	
Guadalajara	Reynosa	
Guadalajara	Rio de Janeiro	
Guadalajara	Rome	
Guadalajara	Sacramento	
Guadalajara	Saint Louis	
Guadalajara	Salt Lake City	
Guadalajara	San Antonio	
Guadalajara	San Francisco	
Guadalajara	San Jose	
Guadalajara	San Jose, CR	
Guadalajara	San Juan	
Guadalajara	San Luis Potosi	
Guadalajara	San Pedro Sula	
Guadalajara	San Salvador	
Guadalajara	Santiago	
Guadalajara	Santo Domingo	
Guadalajara	Sao Paulo	
Guadalajara	Savannah	
Guadalajara	Seattle	
Guadalajara	Seoul	
Guadalajara	Sevilla	
Guadalajara	Singapore	
Guadalajara	Spokane	
Guadalajara	Tampa	
Guadalajara	Tampico	
Guadalajara	Tapachula	
Guadalajara	Tijuana	
Guadalajara	Tokyo	
Guadalajara	Toronto	
Guadalajara	Torreon	
Guadalajara	Tulum	
Guadalajara	Tuxtla Gutierrez	
Guadalajara	Valencia	
Guadalajara	Vancouver	
Guadalajara	Venice	
Guadalajara	Veracruz	
Guadalajara	Vienna	
Guadalajara	Vigo	
Guadalajara	Villahermosa	
Guadalajara	Washington, D.C.	
Guadalajara	Zurich	
Guatemala City	Aguascalientes	
Guatemala City	Boston	
Guatemala City	Cabo San Lucas	
Guatemala City	Cancun	
Guatemala City	Chicago	
Guatemala City	Guadalajara	
Guatemala City	Juarez	
Guatemala City	Leon	
Guatemala City	Los Angeles	
Guatemala City	Madrid	
Guatemala City	Mazatlan	
Guatemala City	Medellin	
Guatemala City	Mexicali	
Guatemala City	Mexico City	
Guatemala City	Monterrey	
Guatemala City	Montreal	
Guatemala City	Mérida	
Guatemala City	New York	
Guatemala City	Oaxaca	
Guatemala City	Puerto Vallarta	
Guatemala City	Queretaro	
Guatemala City	Reynosa	
Guatemala City	San Francisco	
Guatemala City	San Luis Potosi	
Guatemala City	Tijuana	
Guatemala City	Tokyo	
Guatemala City	Toronto	
Guatemala City	Vancouver	
Guatemala City	Veracruz	
Hamburg	Mexico City	
Hanover	Mexico City	
Hartford	Cancun	
Hartford	Mexico City	
Havana	Bogota	
Havana	Cancun	
Havana	Managua	
Havana	Mexico City	
Hermosillo	Acapulco	
Hermosillo	Aguascalientes	
Hermosillo	Amsterdam	
Hermosillo	Barcelona	
Hermosillo	Bogota	
Hermosillo	Cabo San Lucas	
Hermosillo	Campeche	
Hermosillo	Cancun	
Hermosillo	Chihuahua	
Hermosillo	Ciudad del Carmen	
Hermosillo	Culiacan	
Hermosillo	Durango	
Hermosillo	Guadalajara	
Hermosillo	Guatemala City	
Hermosillo	Huatulco	
Hermosillo	Ixtapa-Zihuatanejo	
Hermosillo	Juarez	
Hermosillo	La Paz	
Hermosillo	Leon	
Hermosillo	Lima	
Hermosillo	London	
Hermosillo	Madrid	
Hermosillo	Mazatlan	
Hermosillo	Medellin	
Hermosillo	Mexicali	
Hermosillo	Mexico City	
Hermosillo	Miami	
Hermosillo	Minatitlan	
Hermosillo	Monterrey	
Hermosillo	Morelia	
Hermosillo	Mérida	
Hermosillo	New York	
Hermosillo	Oaxaca	
Hermosillo	Orlando	
Hermosillo	Paris	
Hermosillo	Puerto Escondido	
Hermosillo	Puerto Vallarta	
Hermosillo	Queretaro	
Hermosillo	Reynosa	
Hermosillo	Rome	
Hermosillo	San Jose, CR	
Hermosillo	San Luis Potosi	
Hermosillo	San Salvador	
Hermosillo	Santo Domingo	
Hermosillo	Sao Paulo	
Hermosillo	Seoul	
Hermosillo	Tampico	
Hermosillo	Tapachula	
Hermosillo	Tijuana	
Hermosillo	Torreon	
Hermosillo	Tuxtla Gutierrez	
Hermosillo	Veracruz	
Hermosillo	Villahermosa	
Hermosillo	Zacatecas	
Hermosillo	Zurich	
Honolulu	Mexico City	
Houston	Acapulco	
Houston	Bogota	
Houston	Cabo San Lucas	
Houston	Cancun	
Houston	Durango	
Houston	Felipe Angeles (Mexico City)	
Houston	Guadalajara	
Houston	Huatulco	
Houston	Ixtapa-Zihuatanejo	
Houston	Leon	
Houston	Mazatlan	
Houston	Medellin	
Houston	Mexico City	
Houston	Monterrey	
Houston	Morelia	
Houston	Mérida	
Houston	Oaxaca	
Houston	Puerto Escondido	
Houston	Puerto Vallarta	
Houston	Queretaro	
Houston	San Luis Potosi	
Houston	Tampico	
Houston	Torreon	
Houston	Tulum	
Houston	Tuxtla Gutierrez	
Houston	Veracruz	
Houston	Villahermosa	
Huatulco	Cancun	
Huatulco	Guadalajara	
Huatulco	Juarez	
Huatulco	Los Angeles	
Huatulco	Mexico City	
Huatulco	Monterrey	
Huatulco	Montreal	
Huatulco	Tijuana	
Huatulco	Toronto	
Huatulco	Vancouver	
Huntsville	Mexico City	
Indianapolis	Cancun	
Indianapolis	Guadalajara	
Indianapolis	Mexico City	
Istanbul	Mexico City	
Ixtapa-Zihuatanejo	Cabo San Lucas	
Ixtapa-Zihuatanejo	Cancun	
Ixtapa-Zihuatanejo	Guadalajara	
Ixtapa-Zihuatanejo	Juarez	
Ixtapa-Zihuatanejo	Mexico City	
Ixtapa-Zihuatanejo	Monterrey	
Ixtapa-Zihuatanejo	Montreal	
Ixtapa-Zihuatanejo	Mérida	
Ixtapa-Zihuatanejo	Puerto Vallarta	
Ixtapa-Zihuatanejo	San Francisco	
Ixtapa-Zihuatanejo	Tijuana	
Ixtapa-Zihuatanejo	Toronto	
Ixtapa-Zihuatanejo	Vancouver	
Ixtapa-Zihuatanejo	Veracruz	
Jacksonville	Mexico City	
Juarez	Acapulco	
Juarez	Aguascalientes	
Juarez	Amsterdam	
Juarez	Barcelona	
Juarez	Bogota	
Juarez	Cabo San Lucas	
Juarez	Campeche	
Juarez	Cancun	
Juarez	Cartagena	
Juarez	Chetumal	
Juarez	Ciudad del Carmen	
Juarez	Culiacan	
Juarez	Durango	
Juarez	Guadalajara	
Juarez	Guatemala City	
Juarez	Hermosillo	
Juarez	Huatulco	
Juarez	Ixtapa-Zihuatanejo	
Juarez	La Paz	
Juarez	Leon	
Juarez	London	
Juarez	Madrid	
Juarez	Manzanillo	
Juarez	Mazatlan	
Juarez	Medellin	
Juarez	Mexico City	
Juarez	Minatitlan	
Juarez	Monterrey	
Juarez	Morelia	
Juarez	Mérida	
Juarez	Oaxaca	
Juarez	Paris	
Juarez	Puerto Escondido	
Juarez	Puerto Vallarta	
Juarez	Queretaro	
Juarez	Reynosa	
Juarez	Rome	
Juarez	San Jose, CR	
Juarez	San Luis Potosi	
Juarez	San Salvador	
Juarez	Tampico	
Juarez	Tapachula	
Juarez	Tijuana	
Juarez	Torreon	
Juarez	Tuxtla Gutierrez	
Juarez	Veracruz	
Juarez	Villahermosa	
Juarez	Zacatecas	
Kansas City	Cancun	
Kansas City	Guadalajara	
Kansas City	Mexico City	
Kelowna	Mexico City	
La Paz	Acapulco	
La Paz	Bogota	
La Paz	Cancun	
La Paz	Chihuahua	
La Paz	Guadalajara	
La Paz	Juarez	
La Paz	Leon	
La Paz	Madrid	
La Paz	Mexico City	
La Paz	Monterrey	
La Paz	Oaxaca	
La Paz	Paris	
La Paz	Puerto Vallarta	
La Paz	Queretaro	
La Paz	Rome	
La Paz	San Jose, CR	
La Paz	Tampico	
La Paz	Tapachula	
La Paz	Tijuana	
La Paz	Tuxtla Gutierrez	
La Paz	Veracruz	
La Paz	Villahermosa	
Las Vegas	Aguascalientes	
Las Vegas	Bogota	
Las Vegas	Cabo San Lucas	
Las Vegas	Cancun	
Las Vegas	Durango	
Las Vegas	Guadalajara	
Las Vegas	Mazatlan	
Las Vegas	Mexico City	
Las Vegas	Mérida	
Las Vegas	Oaxaca	
Las Vegas	Puerto Vallarta	
Las Vegas	Queretaro	
Las Vegas	Zacatecas	
Leon	Amsterdam	
Leon	Atlanta	
Leon	Bogota	
Leon	Buenos Aires	
Leon	Cabo San Lucas	
Leon	Campeche	
Leon	Cancun	
Leon	Chetumal	
Leon	Chicago	
Leon	Chihuahua	
Leon	Culiacan	
Leon	Dallas	
Leon	Detroit	
Leon	Guadalajara	
Leon	Guatemala City	
Leon	Hermosillo	
Leon	Houston	
Leon	Huatulco	
Leon	Ixtapa-Zihuatanejo	
Leon	Juarez	
Leon	La Paz	
Leon	Las Vegas	
Leon	Lima	
Leon	London	
Leon	Los Angeles	
Leon	Madrid	
Leon	Mazatlan	
Leon	Medellin	
Leon	Mexicali	
Leon	Mexico City	
Leon	Miami	
Leon	Monterrey	
Leon	Montreal	
Leon	Mérida	
Leon	New York	
Leon	Nuevo Laredo	
Leon	Oakland	
Leon	Oaxaca	
Leon	Orlando	
Leon	Paris	
Leon	Philadelphia	
Leon	Puerto Escondido	
Leon	Puerto Vallarta	
Leon	Reynosa	
Leon	Rome	
Leon	San Jose	
Leon	San Jose, CR	
Leon	Santo Domingo	
Leon	Sao Paulo	
Leon	Seoul	
Leon	Tampico	
Leon	Tapachula	
Leon	Tijuana	
Leon	Tokyo	
Leon	Toronto	
Leon	Torreon	
Leon	Tuxtla Gutierrez	
Leon	Vancouver	
Leon	Veracruz	
Leon	Villahermosa	
Lexington	Mexico City	
Lima	Cancun	
Lima	Guadalajara	
Lima	Hermosillo	
Lima	Madrid	
Lima	Mexico City	
Lima	Miami	
Lima	Monterrey	
Lima	Tijuana	
Lima	Vancouver	
Lisbon	Mexico City	
London	Bogota	
London	Cabo San Lucas	
London	Cancun	
London	Guadalajara	
London	Guatemala City	
London	Mexico City	
London	Monterrey	
London	Mérida	
London	Oaxaca	
London	Puerto Vallarta	
London	San Luis Potosi	
Los Angeles	Acapulco	
Los Angeles	Aguascalientes	
Los Angeles	Bogota	
Los Angeles	Buenos Aires	
Los Angeles	Cabo San Lucas	
Los Angeles	Cancun	
Los Angeles	Chihuahua	
Los Angeles	Culiacan	
Los Angeles	Durango	
Los Angeles	Guadalajara	
Los Angeles	Guatemala City	
Los Angeles	Havana	
Los Angeles	Huatulco	
Los Angeles	Ixtapa-Zihuatanejo	
Los Angeles	Leon	
Los Angeles	Lima	
Los Angeles	Manzanillo	
Los Angeles	Mazatlan	
Los Angeles	Medellin	
Los Angeles	Mexico City	
Los Angeles	Monterrey	
Los Angeles	Morelia	
Los Angeles	Mérida	
Los Angeles	Oaxaca	
Los Angeles	Puerto Escondido	
Los Angeles	Puerto Vallarta	
Los Angeles	Queretaro	
Los Angeles	San Jose, CR	
Los Angeles	San Luis Potosi	
Los Angeles	Sao Paulo	
Los Angeles	Tampico	
Los Angeles	Tapachula	
Los Angeles	Tepic	
Los Angeles	Torreon	
Los Angeles	Tuxtla Gutierrez	
Los Angeles	Veracruz	
Los Angeles	Zacatecas	
Los Mochis	Cancun	
Los Mochis	Guadalajara	
Los Mochis	Madrid	
Los Mochis	Mexico City	
Los Mochis	Monterrey	
Los Mochis	Mérida	
Los Mochis	Paris	
Los Mochis	Queretaro	
Los Mochis	Tijuana	
Los Mochis	Tuxtla Gutierrez	
Louisville	Mexico City	
Lyon	Mexico City	
Madrid	Aguascalientes	
Madrid	Bogota	
Madrid	Buenos Aires	
Madrid	Cabo San Lucas	
Madrid	Cancun	
Madrid	Chihuahua	
Madrid	Culiacan	
Madrid	Durango	
Madrid	Guadalajara	
Madrid	Guatemala City	
Madrid	Hermosillo	
Madrid	La Paz	
Madrid	Leon	
Madrid	Medellin	
Madrid	Mexico City	
Madrid	Monterrey	
Madrid	Mérida	
Madrid	Puerto Vallarta	
Madrid	Queretaro	
Madrid	San Luis Potosi	
Madrid	Sao Paulo	
Madrid	Tampico	
Madrid	Tijuana	
Madrid	Torreon	
Madrid	Tuxtla Gutierrez	
Madrid	Veracruz	
Malaga	Mexico City	
Managua	Bogota	
Managua	Havana	
Managua	Mexico City	
Manchester	Mexico City	
Manzanillo	Cancun	
Manzanillo	Mexico City	
Manzanillo	Monterrey	
Manzanillo	Montreal	
Manzanillo	Tijuana	
Manzanillo	Toronto	
Manzanillo	Vancouver	
Manzanillo	Veracruz	
Matamoros	Cancun	
Matamoros	Guadalajara	
Matamoros	Mexico City	
Matamoros	Puerto Vallarta	
Mazatlan	Bogota	
Mazatlan	Cabo San Lucas	
Mazatlan	Cancun	
Mazatlan	Chihuahua	
Mazatlan	Ciudad del Carmen	
Mazatlan	Guadalajara	
Mazatlan	Hermosillo	
Mazatlan	Juarez	
Mazatlan	Leon	
Mazatlan	London	
Mazatlan	Los Angeles	
Mazatlan	Madrid	
Mazatlan	Mexico City	
Mazatlan	Miami	
Mazatlan	Minatitlan	
Mazatlan	Monterrey	
Mazatlan	Montreal	
Mazatlan	Mérida	
Mazatlan	Oaxaca	
Mazatlan	Orlando	
Mazatlan	Paris	
Mazatlan	Queretaro	
Mazatlan	Rome	
Mazatlan	San Francisco	
Mazatlan	San Jose, CR	
Mazatlan	Tampico	
Mazatlan	Tapachula	
Mazatlan	Tijuana	
Mazatlan	Toronto	
Mazatlan	Tuxtla Gutierrez	
Mazatlan	Vancouver	
Mazatlan	Veracruz	
Mazatlan	Villahermosa	
Mcallen	Cancun	
Mcallen	Felipe Angeles (Mexico City)	
Mcallen	Guadalajara	
Mcallen	Oaxaca	
Mcallen	Puerto Vallarta	
Medellin	Aguascalientes	
Medellin	Cabo San Lucas	
Medellin	Cancun	
Medellin	Chihuahua	
Medellin	Guadalajara	
Medellin	Hermosillo	
Medellin	Juarez	
Medellin	Las Vegas	
Medellin	Leon	
Medellin	Los Angeles	
Medellin	Madrid	
Medellin	Mazatlan	
Medellin	Mexicali	
Medellin	Mexico City	
Medellin	Miami	
Medellin	Monterrey	
Medellin	Montreal	
Medellin	Mérida	
Medellin	New York	
Medellin	Orlando	
Medellin	Puerto Vallarta	
Medellin	Queretaro	
Medellin	San Francisco	
Medellin	Seattle	
Medellin	Tijuana	
Medellin	Tokyo	
Medellin	Vancouver	
Mexicali	Acapulco	
Mexicali	Aguascalientes	
Mexicali	Bogota	
Mexicali	Cabo San Lucas	
Mexicali	Cali	
Mexicali	Campeche	
Mexicali	Cancun	
Mexicali	Cartagena	
Mexicali	Chihuahua	
Mexicali	Culiacan	
Mexicali	Durango	
Mexicali	Guadalajara	
Mexicali	Guatemala City	
Mexicali	Hermosillo	
Mexicali	Huatulco	
Mexicali	Leon	
Mexicali	London	
Mexicali	Madrid	
Mexicali	Mazatlan	
Mexicali	Medellin	
Mexicali	Mexico City	
Mexicali	Minatitlan	
Mexicali	Monterrey	
Mexicali	Morelia	
Mexicali	Mérida	
Mexicali	Oaxaca	
Mexicali	Paris	
Mexicali	Puerto Vallarta	
Mexicali	Queretaro	
Mexicali	San Jose, CR	
Mexicali	San Luis Potosi	
Mexicali	Tampico	
Mexicali	Tapachula	
Mexicali	Torreon	
Mexicali	Tuxtla Gutierrez	
Mexicali	Veracruz	
Mexicali	Villahermosa	
Mexico City	A Coruna	
Mexico City	Abu Dhabi	
Mexico City	Acapulco	
Mexico City	Aguascalientes	
Mexico City	Akita	
Mexico City	Albany	
Mexico City	Albuquerque	
Mexico City	Alicante	
Mexico City	Amsterdam	
Mexico City	Anchorage	
Mexico City	Arequipa	
Mexico City	Asheville	
Mexico City	Athens	
Mexico City	Atlanta	
Mexico City	Austin	
Mexico City	Ayacucho	
Mexico City	Bali (Denpasar)	
Mexico City	Baltimore	
Mexico City	Bangkok	
Mexico City	Barcelona	
Mexico City	Bari	
Mexico City	Barranquilla	
Mexico City	Beijing	
Mexico City	Belo Horizonte	
Mexico City	Berlin	
Mexico City	Bilbao	
Mexico City	Birmingham	
Mexico City	Birmingham	
Mexico City	Bogota	
Mexico City	Boise	
Mexico City	Bologna	
Mexico City	Bordeaux	
Mexico City	Boston	
Mexico City	Brasilia	
Mexico City	Bremen	
Mexico City	Brindisi	
Mexico City	Brussels	
Mexico City	Bucaramanga	
Mexico City	Bucharest	
Mexico City	Budapest	
Mexico City	Buenos Aires	
Mexico City	Buffalo	
Mexico City	Burlington	
Mexico City	Cabo San Lucas	
Mexico City	Cairo	
Mexico City	Calgary	
Mexico City	Cali	
Mexico City	Campeche	
Mexico City	Cancun	
Mexico City	Cape Town	
Mexico City	Cartagena	
Mexico City	Charleston	
Mexico City	Charlotte	
Mexico City	Chattanooga	
Mexico City	Chetumal	
Mexico City	Chicago	
Mexico City	Chiclayo	
Mexico City	Chihuahua	
Mexico City	Cincinnati	
Mexico City	Ciudad Obregon	
Mexico City	Ciudad del Carmen	
Mexico City	Cleveland	
Mexico City	Columbus	
Mexico City	Copenhagen	
Mexico City	Cordoba	
Mexico City	Cozumel	
Mexico City	Culiacan	
Mexico City	Curitiba	
Mexico City	Cusco	
Mexico City	Cúcuta	
Mexico City	Dallas	
Mexico City	Dayton	
Mexico City	Denver	
Mexico City	Des Moines	
Mexico City	Detroit	
Mexico City	Dubai	
Mexico City	Dublin	
Mexico City	Durango	
Mexico City	Dusseldorf	
Mexico City	Edinburgh	
Mexico City	Edmonton	
Mexico City	El Paso	
Mexico City	Florence	
Mexico City	Florianopolis	
Mexico City	Fort Lauderdale	
Mexico City	Fort Myers	
Mexico City	Fortaleza	
Mexico City	Frankfurt	
Mexico City	Fresno	
Mexico City	Fukuoka	
Mexico City	Geneva	
Mexico City	Genoa	
Mexico City	Glasgow	
Mexico City	Gothenburg	
Mexico City	Gran Canaria	
Mexico City	Granada	
Mexico City	Grand Rapids	
Mexico City	Greensboro	
Mexico City	Greenville	
Mexico City	Guadalajara	
Mexico City	Guatemala City	
Mexico City	Guayaquil	
Mexico City	Halifax	
Mexico City	Hamburg	
Mexico City	Hanoi	
Mexico City	Hanover	
Mexico City	Hartford	
Mexico City	Havana	
Mexico City	Helsinki	
Mexico City	Hermosillo	
Mexico City	Hong Kong	
Mexico City	Honolulu	
Mexico City	Houston	
Mexico City	Huatulco	
Mexico City	Ibiza	
Mexico City	Idaho Falls	
Mexico City	Iguazu Falls	
Mexico City	Indianapolis	
Mexico City	Istanbul	
Mexico City	Ixtapa-Zihuatanejo	
Mexico City	Jacksonville	
Mexico City	Johannesburg	
Mexico City	Juarez	
Mexico City	Kansas City	
Mexico City	Kelowna	
Mexico City	Knoxville	
Mexico City	Krakow	
Mexico City	La Paz	
Mexico City	Lagos	
Mexico City	Las Vegas	
Mexico City	Leon	
Mexico City	Lexington	
Mexico City	Lima	
Mexico City	Lisbon	
Mexico City	Little Rock	
Mexico City	London	
Mexico City	Los Angeles	
Mexico City	Los Mochis	
Mexico City	Louisville	
Mexico City	Luxembourg City	
Mexico City	Lyon	
Mexico City	Madrid	
Mexico City	Malaga	
Mexico City	Managua	
Mexico City	Manchester	
Mexico City	Manila	
Mexico City	Manzanillo	
Mexico City	Marrakech	
Mexico City	Marseille	
Mexico City	Matamoros	
Mexico City	Maui	
Mexico City	Mazatlan	
Mexico City	Medellin	
Mexico City	Memphis	
Mexico City	Mexicali	
Mexico City	Miami	
Mexico City	Milan	
Mexico City	Milwaukee	
Mexico City	Minatitlan	
Mexico City	Minneapolis	
Mexico City	Monterrey	
Mexico City	Montevideo	
Mexico City	Montreal	
Mexico City	Morelia	
Mexico City	Munich	
Mexico City	Myrtle Beach	
Mexico City	Mérida	
Mexico City	Nagoya	
Mexico City	Nairobi	
Mexico City	Nantes	
Mexico City	Naples	
Mexico City	Nashville	
Mexico City	New Orleans	
Mexico City	New York	
Mexico City	New York/Newark	
Mexico City	Nice	
Mexico City	Norfolk	
Mexico City	Nuevo Laredo	
Mexico City	Nuremberg	
Mexico City	Oakland	
Mexico City	Oaxaca	
Mexico City	Okinawa	
Mexico City	Oklahoma City	
Mexico City	Omaha	
Mexico City	Ontario	
Mexico City	Orlando	
Mexico City	Osaka	
Mexico City	Oslo	
Mexico City	Oviedo	
Mexico City	Palermo	
Mexico City	Palma de Mallorca	
Mexico City	Panama City	
Mexico City	Paris	
Mexico City	Pasco	
Mexico City	Pereira	
Mexico City	Philadelphia	
Mexico City	Phoenix	
Mexico City	Pittsburgh	
Mexico City	Portland, ME	
Mexico City	Portland, OR	
Mexico City	Porto	
Mexico City	Prague	
Mexico City	Puerto Escondido	
Mexico City	Puerto Vallarta	
Mexico City	Queretaro	
Mexico City	Quito	
Mexico City	Raleigh	
Mexico City	Recife	
Mexico City	Reno	
Mexico City	Reynosa	
Mexico City	Richmond	
Mexico City	Rio de Janeiro	
Mexico City	Rochester	
Mexico City	Rome	
Mexico City	Sacramento	
Mexico City	Saint Louis	
Mexico City	Salt Lake City	
Mexico City	San Andres Island	
Mexico City	San Antonio	
Mexico City	San Diego	
Mexico City	San Francisco	
Mexico City	San Jose	
Mexico City	San Jose, CR	
Mexico City	San Juan	
Mexico City	San Luis Potosi	
Mexico City	San Pedro Sula	
Mexico City	San Salvador	
Mexico City	San Sebastian	
Mexico City	Santa Marta	
Mexico City	Santander	
Mexico City	Santiago	
Mexico City	Santiago de Compostela	
Mexico City	Santo Domingo	
Mexico City	Sao Paulo	
Mexico City	Sapporo	
Mexico City	Sarasota	
Mexico City	Savannah	
Mexico City	Seattle	
Mexico City	Seoul	
Mexico City	Sevilla	
Mexico City	Shanghai	
Mexico City	Singapore	
Mexico City	Spokane	
Mexico City	Stockholm	
Mexico City	Stuttgart	
Mexico City	Sydney	
Mexico City	Tampa	
Mexico City	Tampico	
Mexico City	Tapachula	
Mexico City	Tel Aviv	
Mexico City	Tepic	
Mexico City	Tijuana	
Mexico City	Tokyo	
Mexico City	Toronto	
Mexico City	Torreon	
Mexico City	Toulouse	
Mexico City	Tucson	
Mexico City	Tulsa	
Mexico City	Turin	
Mexico City	Tuxtla Gutierrez	
Mexico City	Valencia	
Mexico City	Vancouver	
Mexico City	Venice	
Mexico City	Veracruz	
Mexico City	Victoria	
Mexico City	Vienna	
Mexico City	Vigo	
Mexico City	Villahermosa	
Mexico City	Warsaw	
Mexico City	Washington, D.C.	
Mexico City	Wichita	
Mexico City	Zacatecas	
Mexico City	Zagreb	
Mexico City	Zurich	
Miami	Bucaramanga	
Miami	Cabo San Lucas	
Miami	Cancun	
Miami	Cartagena	
Miami	Durango	
Miami	Guadalajara	
Miami	Huatulco	
Miami	Leon	
Miami	Medellin	
Miami	Mexico City	
Miami	Monterrey	
Miami	Oaxaca	
Miami	Puerto Vallarta	
Miami	Queretaro	
Miami	San Luis Potosi	
Miami	Tapachula	
Miami	Tuxtla Gutierrez	
Miami	Veracruz	
Milan	Mexico City	
Milwaukee	Cancun	
Milwaukee	Guadalajara	
Milwaukee	Mexico City	
Minatitlan	Cabo San Lucas	
Minatitlan	Cancun	
Minatitlan	Chihuahua	
Minatitlan	Guadalajara	
Minatitlan	Hermosillo	
Minatitlan	Juarez	
Minatitlan	La Paz	
Minatitlan	Mazatlan	
Minatitlan	Mexicali	
Minatitlan	Mexico City	
Minatitlan	Monterrey	
Minatitlan	Mérida	
Minatitlan	Puerto Vallarta	
Minatitlan	Reynosa	
Minatitlan	Tijuana	
Minatitlan	Torreon	
Minneapolis	Cancun	
Minneapolis	Guadalajara	
Minneapolis	Mexico City	
Minneapolis	Puerto Vallarta	
Monterrey	Acapulco	
Monterrey	Aguascalientes	
Monterrey	Akita	
Monterrey	Amsterdam	
Monterrey	Athens	
Monterrey	Atlanta	
Monterrey	Baltimore	
Monterrey	Bangkok	
Monterrey	Barcelona	
Monterrey	Barranquilla	
Monterrey	Berlin	
Monterrey	Bilbao	
Monterrey	Bogota	
Monterrey	Boston	
Monterrey	Brasilia	
Monterrey	Brussels	
Monterrey	Buenos Aires	
Monterrey	Cabo San Lucas	
Monterrey	Cali	
Monterrey	Campeche	
Monterrey	Cancun	
Monterrey	Cartagena	
Monterrey	Charlotte	
Monterrey	Chetumal	
Monterrey	Chicago	
Monterrey	Chihuahua	
Monterrey	Ciudad Obregon	
Monterrey	Ciudad del Carmen	
Monterrey	Columbus	
Monterrey	Copenhagen	
Monterrey	Cozumel	
Monterrey	Culiacan	
Monterrey	Dallas	
Monterrey	Detroit	
Monterrey	Dublin	
Monterrey	Durango	
Monterrey	Felipe Angeles (Mexico City)	
Monterrey	Fort Lauderdale	
Monterrey	Frankfurt	
Monterrey	Geneva	
Monterrey	Guadalajara	
Monterrey	Guatemala City	
Monterrey	Havana	
Monterrey	Hermosillo	
Monterrey	Hong Kong	
Monterrey	Honolulu	
Monterrey	Houston	
Monterrey	Huatulco	
Monterrey	Indianapolis	
Monterrey	Istanbul	
Monterrey	Ixtapa-Zihuatanejo	
Monterrey	Juarez	
Monterrey	La Paz	
Monterrey	Las Vegas	
Monterrey	Leon	
Monterrey	Lima	
Monterrey	Lisbon	
Monterrey	London	
Monterrey	Los Angeles	
Monterrey	Los Mochis	
Monterrey	Madrid	
Monterrey	Malaga	
Monterrey	Managua	
Monterrey	Manzanillo	
Monterrey	Mazatlan	
Monterrey	Medellin	
Monterrey	Mexicali	
Monterrey	Mexico City	
Monterrey	Miami	
Monterrey	Milan	
Monterrey	Minatitlan	
Monterrey	Minneapolis	
Monterrey	Montreal	
Monterrey	Morelia	
Monterrey	Mérida	
Monterrey	Nashville	
Monterrey	New York	
Monterrey	New York/Newark	
Monterrey	Oaxaca	
Monterrey	Orlando	
Monterrey	Osaka	
Monterrey	Oslo	
Monterrey	Paris	
Monterrey	Philadelphia	
Monterrey	Pittsburgh	
Monterrey	Portland, OR	
Monterrey	Puerto Escondido	
Monterrey	Puerto Vallarta	
Monterrey	Queretaro	
Monterrey	Raleigh	
Monterrey	Rome	
Monterrey	Salt Lake City	
Monterrey	San Francisco	
Monterrey	San Jose, CR	
Monterrey	San Juan	
Monterrey	San Luis Potosi	
Monterrey	San Pedro Sula	
Monterrey	San Salvador	
Monterrey	Santiago	
Monterrey	Santo Domingo	
Monterrey	Sao Paulo	
Monterrey	Sapporo	
Monterrey	Seattle	
Monterrey	Seoul	
Monterrey	Singapore	
Monterrey	Tampa	
Monterrey	Tampico	
Monterrey	Tapachula	
Monterrey	Tijuana	
Monterrey	Tokyo	
Monterrey	Toronto	
Monterrey	Tulum	
Monterrey	Tuxtla Gutierrez	
Monterrey	Valencia	
Monterrey	Vancouver	
Monterrey	Venice	
Monterrey	Veracruz	
Monterrey	Villahermosa	
Monterrey	Washington, D.C.	
Monterrey	Zacatecas	
Monterrey	Zurich	
Montreal	Acapulco	
Montreal	Aguascalientes	
Montreal	Bogota	
Montreal	Cabo San Lucas	
Montreal	Cancun	
Montreal	Chihuahua	
Montreal	Guadalajara	
Montreal	Guatemala City	
Montreal	Huatulco	
Montreal	Ixtapa-Zihuatanejo	
Montreal	Leon	
Montreal	Lima	
Montreal	Managua	
Montreal	Manzanillo	
Montreal	Mazatlan	
Montreal	Medellin	
Montreal	Mexico City	
Montreal	Monterrey	
Montreal	Mérida	
Montreal	Oaxaca	
Montreal	Puerto Escondido	
Montreal	Puerto Vallarta	
Montreal	Queretaro	
Montreal	San Jose, CR	
Montreal	Sao Paulo	
Montreal	Tampico	
Montreal	Tijuana	
Montreal	Torreon	
Montreal	Tuxtla Gutierrez	
Montreal	Veracruz	
Montreal	Villahermosa	
Morelia	Atlanta	
Morelia	Cancun	
Morelia	Cartagena	
Morelia	Durango	
Morelia	Monterrey	
Morelia	Mérida	
Morelia	Puerto Vallarta	
Morelia	Tijuana	
Morelia	Veracruz	
Munich	Mexico City	
Mérida	Acapulco	
Mérida	Aguascalientes	
Mérida	Amsterdam	
Mérida	Atlanta	
Mérida	Bogota	
Mérida	Buenos Aires	
Mérida	Cabo San Lucas	
Mérida	Cali	
Mérida	Cartagena	
Mérida	Chicago	
Mérida	Chihuahua	
Mérida	Ciudad Obregon	
Mérida	Culiacan	
Mérida	Durango	
Mérida	Felipe Angeles (Mexico City)	
Mérida	Guadalajara	
Mérida	Guatemala City	
Mérida	Hermosillo	
Mérida	Huatulco	
Mérida	Ixtapa-Zihuatanejo	
Mérida	Juarez	
Mérida	La Paz	
Mérida	Las Vegas	
Mérida	Leon	
Mérida	Lima	
Mérida	London	
Mérida	Los Angeles	
Mérida	Los Mochis	
Mérida	Madrid	
Mérida	Mazatlan	
Mérida	Medellin	
Mérida	Mexicali	
Mérida	Mexico City	
Mérida	Miami	
Mérida	Minatitlan	
Mérida	Monterrey	
Mérida	Montreal	
Mérida	Morelia	
Mérida	New York	
Mérida	Oaxaca	
Mérida	Orlando	
Mérida	Paris	
Mérida	Puerto Escondido	
Mérida	Puerto Vallarta	
Mérida	Queretaro	
Mérida	Rome	
Mérida	San Francisco	
Mérida	San Jose, CR	
Mérida	San Luis Potosi	
Mérida	San Salvador	
Mérida	Seoul	
Mérida	Tampico	
Mérida	Tapachula	
Mérida	Tijuana	
Mérida	Tokyo	
Mérida	Toronto	
Mérida	Torreon	
Mérida	Tuxtla Gutierrez	
Mérida	Vancouver	
Mérida	Veracruz	
Mérida	Villahermosa	
Mérida	Zacatecas	
Naples	Mexico City	
Nashville	Cancun	
Nashville	Guadalajara	
Nashville	Mexico City	
New Orleans	Cancun	
New Orleans	Mexico City	
New York	Acapulco	
New York	Bogota	
New York	Cabo San Lucas	
New York	Cancun	
New York	Cúcuta	
New York	Guadalajara	
New York	Guatemala City	
New York	Huatulco	
New York	Leon	
New York	Mexico City	
New York	Monterrey	
New York	Mérida	
New York	Oaxaca	
New York	Puerto Escondido	
New York	Puerto Vallarta	
New York	Tuxtla Gutierrez	
New York	Veracruz	
New York/Newark	Cancun	
New York/Newark	Guadalajara	
New York/Newark	Mexico City	
New York/Newark	Puerto Vallarta	
Nice	Mexico City	
Nuevo Laredo	Cancun	
Nuevo Laredo	Guadalajara	
Nuevo Laredo	Leon	
Nuevo Laredo	Mexico City	
Nuevo Laredo	Mérida	
Nuevo Laredo	Tuxtla Gutierrez	
Nuevo Laredo	Villahermosa	
Nuremberg	Mexico City	
Oakland	Cancun	
Oakland	Guadalajara	
Oakland	Leon	
Oakland	Mexico City	
Oakland	Oaxaca	
Oakland	Puerto Vallarta	
Oaxaca	Acapulco	
Oaxaca	Aguascalientes	
Oaxaca	Atlanta	
Oaxaca	Bogota	
Oaxaca	Cabo San Lucas	
Oaxaca	Cancun	
Oaxaca	Chicago	
Oaxaca	Chihuahua	
Oaxaca	Culiacan	
Oaxaca	Durango	
Oaxaca	Felipe Angeles (Mexico City)	
Oaxaca	Guadalajara	
Oaxaca	Guatemala City	
Oaxaca	Hermosillo	
Oaxaca	Juarez	
Oaxaca	La Paz	
Oaxaca	Las Vegas	
Oaxaca	Leon	
Oaxaca	Los Angeles	
Oaxaca	Madrid	
Oaxaca	Mazatlan	
Oaxaca	Medellin	
Oaxaca	Mexicali	
Oaxaca	Mexico City	
Oaxaca	Miami	
Oaxaca	Monterrey	
Oaxaca	Mérida	
Oaxaca	New York	
Oaxaca	New York/Newark	
Oaxaca	Portland, OR	
Oaxaca	Puerto Escondido	
Oaxaca	Puerto Vallarta	
Oaxaca	Queretaro	
Oaxaca	San Francisco	
Oaxaca	San Jose	
Oaxaca	San Jose, CR	
Oaxaca	San Luis Potosi	
Oaxaca	Seattle	
Oaxaca	Tampico	
Oaxaca	Tapachula	
Oaxaca	Tijuana	
Oaxaca	Torreon	
Oaxaca	Tuxtla Gutierrez	
Oaxaca	Veracruz	
Oaxaca	Villahermosa	
Omaha	Mexico City	
Ontario	Cancun	
Ontario	Guadalajara	
Ontario	Mexico City	
Orange County	Mexico City	
Orlando	Aguascalientes	
Orlando	Cabo San Lucas	
Orlando	Cali	
Orlando	Cancun	
Orlando	Guadalajara	
Orlando	Leon	
Orlando	Mexico City	
Orlando	Monterrey	
Orlando	Morelia	
Orlando	Oaxaca	
Orlando	Puerto Vallarta	
Orlando	Queretaro	
Orlando	San Luis Potosi	
Orlando	Tapachula	
Oslo	Mexico City	
Panama City	Mexico City	
Paris	Aguascalientes	
Paris	Bogota	
Paris	Cabo San Lucas	
Paris	Cancun	
Paris	Guadalajara	
Paris	La Paz	
Paris	Mazatlan	
Paris	Mexico City	
Paris	Monterrey	
Paris	Mérida	
Paris	Oaxaca	
Paris	Puerto Vallarta	
Paris	San Luis Potosi	
Paris	Tuxtla Gutierrez	
Paris	Villahermosa	
Pasco	Guadalajara	
Pasco	Mexico City	
Pereira	Mexico City	
Philadelphia	Cancun	
Philadelphia	Guadalajara	
Philadelphia	Mexico City	
Phoenix	Cabo San Lucas	
Phoenix	Cancun	
Phoenix	Culiacan	
Phoenix	Guadalajara	
Phoenix	Leon	
Phoenix	Mexico City	
Phoenix	Oaxaca	
Phoenix	Puerto Vallarta	
Pittsburgh	Mexico City	
Portland, ME	Mexico City	
Portland, OR	Cabo San Lucas	
Portland, OR	Cancun	
Portland, OR	Guadalajara	
Portland, OR	Mexico City	
Portland, OR	Oaxaca	
Portland, OR	Puerto Vallarta	
Porto	Mexico City	
Prague	Mexico City	
Providence	Mexico City	
Puerto Escondido	Cabo San Lucas	
Puerto Escondido	Cancun	
Puerto Escondido	Guatemala City	
Puerto Escondido	Juarez	
Puerto Escondido	Mexico City	
Puerto Escondido	Monterrey	
Puerto Escondido	Mérida	
Puerto Escondido	Tijuana	
Puerto Vallarta	Acapulco	
Puerto Vallarta	Aguascalientes	
Puerto Vallarta	Amsterdam	
Puerto Vallarta	Atlanta	
Puerto Vallarta	Bogota	
Puerto Vallarta	Cabo San Lucas	
Puerto Vallarta	Calgary	
Puerto Vallarta	Cancun	
Puerto Vallarta	Chetumal	
Puerto Vallarta	Chicago	
Puerto Vallarta	Chihuahua	
Puerto Vallarta	Felipe Angeles (Mexico City)	
Puerto Vallarta	Fresno	
Puerto Vallarta	Guadalajara	
Puerto Vallarta	Guatemala City	
Puerto Vallarta	Hermosillo	
Puerto Vallarta	Huatulco	
Puerto Vallarta	Juarez	
Puerto Vallarta	La Paz	
Puerto Vallarta	Las Vegas	
Puerto Vallarta	Leon	
Puerto Vallarta	London	
Puerto Vallarta	Los Angeles	
Puerto Vallarta	Madrid	
Puerto Vallarta	Medellin	
Puerto Vallarta	Mexicali	
Puerto Vallarta	Mexico City	
Puerto Vallarta	Miami	
Puerto Vallarta	Minatitlan	
Puerto Vallarta	Monterrey	
Puerto Vallarta	Montreal	
Puerto Vallarta	Morelia	
Puerto Vallarta	Mérida	
Puerto Vallarta	New York	
Puerto Vallarta	Oaxaca	
Puerto Vallarta	Puerto Escondido	
Puerto Vallarta	Queretaro	
Puerto Vallarta	Rome	